{"placeid": "192.168.0.3", "time": "2021-02-28 20:08:32", "car_type_small": 9, "car_type_middle": 13, "car_type_large": 1, "car_total_num": 23, "car_speeds": [98.4364864462844, 65.23703686532347, 96.26476248223652, 67.70705867805515, 112.73082427351167, 65.80980952170864, 68.21511096723887, 85.05295368478266, 73.54611211636475, 111.63206061355709, 61.259963428896626, 109.33348561629442, 77.90511629581937, 82.03978988924631, 75.83155119798101, 101.27564794528496, 79.27594210144169, 111.8414405011349, 115.75501393933665, 94.27913959953008, 113.29412730979837, 84.67469662757598, 64.97884848915322]}