{"placeid": "192.168.0.1", "time": "2021-02-28 20:08:34", "car_type_small": 29, "car_type_middle": 4, "car_type_large": 10, "car_total_num": 43, "car_speeds": [101.53708842374013, 110.26621457556132, 78.34072016450475, 75.43572247218475, 62.914511505899775, 61.658334235212685, 82.32337832874919, 116.3450291228763, 78.1716353057445, 87.21333644622091, 80.80277383022609, 89.67455181335201, 82.54622167562377, 61.62141857614234, 92.20161652070385, 118.29436591106885, 89.48432922417021, 91.50245163049632, 78.37772865136623, 83.5192626289725, 100.82539832758822, 108.9180544152253, 106.95137011857793, 77.64558888682667, 90.0657303932128, 70.45970159156313, 106.92069341109811, 98.3713625900202, 88.80589701424626, 60.415832263293865, 115.61964499190435, 108.82710606597168, 108.67961716366119, 82.80728929803084, 104.89014323515076, 101.34323713995957, 105.05121851548628, 108.10192254742526, 109.11222784409028, 118.86289704776277, 117.52046008157953, 64.91170797520918, 119.12779417718454]}